complaint_id,citizen_id,category,description,latitude,longitude,address_context,timestamp
CMP_1047,usr_74340,Sewage Overflow,Storm water drain choked with plastic silt causing foul water to back up near Sheetal Cinema.,19.078855,72.890164,"Near Sheetal Cinema, LBS Road, Kurla West",2026-08-19T04:29:30Z
CMP_1126,usr_25043,Stray Animal,Pack of aggressive stray dogs entered municipal park compound near Plaza Cinema.,19.018586,72.840105,"Near Plaza Cinema, NC Kelkar Road, Dadar West",2026-08-04T07:12:47Z
CMP_1080,usr_91057,Pothole,Pothole formed around the storm drain manhole at Ram Maruti Road. Needs immediate asphalt patch work.,19.197541,72.966838,"Ram Maruti Road, Naupada, Thane West",2026-08-30T23:28:52Z
CMP_1116,usr_47056,Sewage Overflow,Gutter chamber overflowing into nearby residential compound gate near Kurla Railway Bus Depot.,19.069668,72.876317,"Near Kurla West Railway Bus Depot, Kurla West",2026-08-23T07:59:24Z
CMP_1025,usr_60019,Sewage Overflow,Open drainage leakage and filthy water stagnation outside Phoenix Mall gate on LBS road.,19.071646,72.882461,"LBS Marg, opposite Phoenix Marketcity bus stop, Kurla West",2026-08-19T11:28:37Z
CMP_1115,usr_47762,Streetlight,"Streetlight pole flickering continuously outside Hiranandani Estate Gate, causing visibility disturbance at night.",19.220982,72.985861,"Near Hiranandani Estate Gate, Patlipada, Thane West",2026-08-29T16:56:38Z
CMP_1104,usr_82350,Streetlight,"Streetlight pole flickering continuously outside Thane Railway Station Plaza, causing visibility disturbance at night.",19.190234,72.970768,"Near Thane Railway Station West Plaza, Thane West",2026-08-06T09:36:13Z
CMP_1007,usr_22676,Streetlight,Dark street outside National College on Waterfield Rd. Street lamp poles 14 and 15 not working at all. Highly unsafe for pedestrians.,19.059429,72.831418,"Waterfield Road, opposite National College lane, Bandra West",2026-08-12T01:28:33Z
CMP_1046,usr_93606,Streetlight,Underground cable fault caused single lamp outage opposite Model Town.,19.138537,72.831903,"Model Town, 4 Bungalows, Andheri West",2026-08-07T05:19:24Z
CMP_1066,usr_92502,Water Leak,Fire hydrant leaking clean water continuously on the pavement near Shivaji Park.,19.020305,72.83503,"Near Shivaji Park Gate 3, Cadell Road, Dadar West",2026-08-20T06:07:06Z
CMP_1084,usr_69049,Garbage Collection,Commercial vendor dumping organic waste in open drain near BKC Connector Junction.,19.05813,72.867423,"Near BKC Connector junction, Kalanagar, Bandra East",2026-08-15T04:21:06Z
CMP_1083,usr_59856,Noise Complaint,Commercial banquet hall bursting firecrackers after midnight near Manpada Service Road.,19.211673,72.990048,"Manpada Service Road, Ghodbunder Rd, Thane West",2026-08-18T04:48:36Z
CMP_1051,usr_47268,Streetlight,Exposed wiring and sparking observed at the base of street lamp on BKC Connector Junction. Major safety hazard.,19.069894,72.871447,"Near BKC Connector junction, Kalanagar, Bandra East",2026-08-28T15:07:54Z
CMP_1105,usr_19838,Sewage Overflow,"Sewage water leaking into open garden area near Veera Desai Industrial Area, strong unbearable odor.",19.131731,72.82682,"Veera Desai Industrial Area, 4 Bungalows, Andheri West",2026-08-15T11:14:43Z
CMP_1002,usr_65302,Pothole,Dangerous pothole near Majiwada flyover ramp on Thane West side. Road is completely broken and causing severe bottleneck.,19.217888,72.978396,"Near Majiwada Flyover service lane towards Kapurbawdi, Thane West",2026-08-15T00:42:44Z
CMP_1015,usr_42087,Water Leak,Pipeline leak on Andheri MIDC Central road. Please shut the supply valve and repair the leakage ASAP.,19.119574,72.876255,"MIDC Central Road, near Seepz Gate 1, Andheri East",2026-08-16T19:38:26Z
CMP_1044,usr_48290,Stray Animal,Injured stray animal stuck on electric substation boundary wall near Dadar Flower Market.,19.020963,72.839576,"Near Flower Market, Dadar Station West, Dadar West",2026-08-09T08:28:34Z
CMP_1049,usr_11607,Pothole,Large crater on the road near Marol Maroshi Road. Buses cannot pull over properly to pick passengers.,19.121474,72.881611,"Marol Maroshi Road, near Fire Station, Andheri East",2026-08-24T14:14:43Z
CMP_1091,usr_91399,Illegal Construction,Illegal billboard hoardings erected without structural stability certificate on Veera Desai Industrial Area.,19.132424,72.832511,"Veera Desai Industrial Area, 4 Bungalows, Andheri West",2026-08-10T23:40:51Z
CMP_1113,usr_14278,Sewage Overflow,Underground drainage line blocked causing dirty water backflow in shops near Waterfield Road.,19.065438,72.830437,"Waterfield Road, near National College, Bandra West",2026-08-08T20:52:21Z
CMP_1028,usr_30730,Stray Animal,Dangerous stray dogs attacking pedestrians walking towards Talao Pali in the early morning.,19.191334,72.97172,"Ram Maruti Road, near Talao Pali junction, Naupada, Thane West",2026-08-16T16:46:41Z
CMP_1031,usr_30032,Noise Complaint,"Illegal high decibel loudspeaker noise continuing after midnight near High Street Market, Lokhandwala. Disturbing entire residential society.",19.138099,72.833569,"Lokhandwala Back Road, near High Street Market, Andheri West",2026-08-08T04:28:21Z
CMP_1038,usr_36365,Pothole,"Series of sharp, deep potholes on JVLR eastbound lane near Powai lake. Multiple cars suffered tyre punctures.",19.123053,72.915232,"JVLR Eastbound, near Powai Lake promenade junction, Powai",2026-08-20T04:35:50Z
CMP_1010,usr_57400,Streetlight,Total darkness on Waterfield Road near the college signal due to faulty streetlights.,19.058989,72.831397,"Waterfield Road, opposite National College lane, Bandra West",2026-08-13T13:38:55Z
CMP_1062,usr_62521,Water Leak,Drinking water line connection cracked near public tap at Majiwada Junction.,19.212345,72.980829,"Near Majiwada Junction, Ghodbunder Rd, Thane West",2026-08-06T18:01:30Z
CMP_1086,usr_48974,Illegal Construction,Unauthorized hawker stalls erected on pedestrian walkway blocking fire exit near Pali Naka.,19.061677,72.837482,"Pali Naka, near 16th Road Junction, Bandra West",2026-08-25T17:56:30Z
CMP_1055,usr_54657,Water Leak,Broken air valve on water supply line spraying water onto passing vehicles at Shimpoli Signal.,19.23696,72.846315,"Near Shimpoli Signal, Link Road, Borivali West",2026-08-14T13:24:15Z
CMP_1079,usr_88135,Illegal Construction,Illegal billboard hoardings erected without structural stability certificate on Don Bosco School.,19.23154,72.866683,"Near Don Bosco School Road, Borivali West",2026-08-22T22:53:56Z
CMP_1020,usr_94259,Garbage Collection,Uncleaned municipal trash bin near Dadar station market. Pedestrians forced to walk on road due to garbage mound on sidewalk.,19.022356,72.842,"Senapati Bapat Marg, near Dadar Flower Market, Dadar West",2026-08-16T01:19:08Z
CMP_1059,usr_72616,Stray Animal,Stray cattle roaming around busy traffic junction near Hiranandani Estate Gate during morning school hours.,19.211302,72.974737,"Near Hiranandani Estate Gate, Patlipada, Thane West",2026-08-28T17:04:07Z
CMP_1054,usr_67733,Noise Complaint,Religious function using unauthorized horn loudspeakers above permissible decibel limits near Oshiwara Metro Station.,19.140042,72.834587,"Near Oshiwara Metro Station, Link Road, Andheri West",2026-08-25T07:48:15Z
CMP_1058,usr_43092,Garbage Collection,Community dustbin broken and garbage scattered around by animals near Borivali Station West.,19.233578,72.845914,"Near Borivali Station West, SV Road, Borivali West",2026-08-29T07:45:09Z
CMP_1109,usr_69048,Noise Complaint,Auto repair workshop using loud pneumatic hammers and metal grinding in residential zone near Gaondevi Mandir.,19.185252,72.97417,"Near Gaondevi Mandir, Naupada, Thane West",2026-08-02T08:03:54Z
CMP_1072,usr_49824,Streetlight,Underground cable fault caused single lamp outage opposite Ram Maruti Road.,19.187162,72.973256,"Ram Maruti Road, Naupada, Thane West",2026-08-25T10:46:47Z
CMP_1128,usr_39466,Stray Animal,Injured stray animal stuck on electric substation boundary wall near MIDC Central Road.,19.127619,72.881215,"MIDC Central Road, near Seepz Gate 1, Andheri East",2026-08-05T19:40:21Z
CMP_1009,usr_59615,Streetlight,Multiple lamp posts turned off on Waterfield road. Please send municipal electrician team to repair.,19.059315,72.831518,"Waterfield Road, opposite National College lane, Bandra West",2026-08-14T12:54:03Z
CMP_1082,usr_78494,Noise Complaint,Generator set of mobile tower making high decibel rattling noise 24/7 near Viviana Mall.,19.210981,72.96855,"Opposite Viviana Mall, Eastern Express Highway, Thane West",2026-08-27T06:04:44Z
CMP_1018,usr_45093,Garbage Collection,No BMC garbage truck has collected waste from the Dadar West market corner for three days. Waste piled up on footpath.,19.022365,72.841766,"Senapati Bapat Marg, near Dadar Flower Market, Dadar West",2026-08-14T10:53:45Z
CMP_1071,usr_83772,Streetlight,Solar streetlight battery unit damaged and light not turning on near Central Avenue Hiranandani.,19.11586,72.927983,"Central Avenue, Hiranandani Gardens, Powai",2026-08-07T03:41:56Z
CMP_1048,usr_23446,Pothole,Deep trench-like pothole observed around Marol Maroshi Road. Vehicles are getting scratched underneath while passing.,19.113136,72.877622,"Marol Maroshi Road, near Fire Station, Andheri East",2026-08-25T00:03:31Z
CMP_1029,usr_44522,Stray Animal,Excessive stray dogs roaming aggressively in packs near Ram Maruti Road junction. Posing danger to children and senior citizens.,19.191177,72.972027,"Ram Maruti Road, near Talao Pali junction, Naupada, Thane West",2026-08-18T08:05:13Z
CMP_1041,usr_87128,Pothole,Please resurface the badly damaged road on JVLR near Powai Lake. Potholes are getting deeper with heavy vehicle movement.,19.122782,72.914761,"JVLR Eastbound, near Powai Lake promenade junction, Powai",2026-08-19T03:17:07Z
CMP_1032,usr_79514,Noise Complaint,Noise pollution violation on Lokhandwala back road. Blaring music with heavy subwoofers vibrating residential building windows late at night.,19.138137,72.833331,"Lokhandwala Back Road, near High Street Market, Andheri West",2026-08-09T03:43:42Z
CMP_1124,usr_35928,Noise Complaint,Heavy construction drilling and rock excavation noise at 2:00 AM near residential flats at Viviana Mall.,19.227097,72.976969,"Opposite Viviana Mall, Eastern Express Highway, Thane West",2026-08-04T08:48:58Z
CMP_1081,usr_39581,Water Leak,Broken air valve on water supply line spraying water onto passing vehicles at Ram Maruti Road.,19.193746,72.968819,"Ram Maruti Road, Naupada, Thane West",2026-08-25T21:05:38Z
CMP_1034,usr_17592,Illegal Construction,Unauthorized tin shed construction on the municipal footpath near Shimpoli signal. Completely blocked pedestrian walkway.,19.231689,72.856166,"Near Shimpoli Signal, Link Road, Borivali West",2026-08-08T09:47:52Z
CMP_1013,usr_58520,Water Leak,Water pipe broken in front of MIDC industrial complex. Lakhs of liters getting wasted while our buildings have no water supply.,19.119389,72.876268,"MIDC Central Road, near Seepz Gate 1, Andheri East",2026-08-17T08:42:53Z
CMP_1097,usr_37659,Sewage Overflow,Broken drainage slab over nullah creating open sewage pool near Galleria Market.,19.130253,72.922104,"Galleria Market entrance road, Powai",2026-08-17T18:40:10Z
CMP_1027,usr_44973,Stray Animal,Stray dog menace near Talao Pali garden Naupada. Two delivery boys were bitten over the weekend. Need TMC veterinary team to sterilize and vaccinate.,19.19129,72.971607,"Ram Maruti Road, near Talao Pali junction, Naupada, Thane West",2026-08-18T08:41:24Z
CMP_1099,usr_96563,Illegal Construction,Unauthorized hawker stalls erected on pedestrian walkway blocking fire exit near Chakala Gurunanak Petrol Pump.,19.123103,72.879128,"Chakala, near Gurunanak Petrol Pump, Andheri East",2026-08-29T20:16:48Z
CMP_1114,usr_40340,Sewage Overflow,Gutter chamber overflowing into nearby residential compound gate near Jupiter Hospital.,19.229513,72.976083,"Outside Jupiter Hospital, Eastern Express Hwy, Thane West",2026-08-12T05:30:46Z
CMP_1130,usr_29528,Garbage Collection,Green waste and tree branches dumped on the roadside near Gaondevi Mandir not collected for a week.,19.190388,72.975706,"Near Gaondevi Mandir, Naupada, Thane West",2026-08-26T00:24:23Z
CMP_1001,usr_23434,Pothole,Huge crater like pothole right at the entry of Majiwada service road. Two bikers almost fell down this morning during peak traffic.,19.217563,72.978088,"Near Majiwada Flyover service lane towards Kapurbawdi, Thane West",2026-08-15T09:54:38Z
CMP_1068,usr_17026,Pothole,Deep trench-like pothole observed around Ranade Road. Vehicles are getting scratched underneath while passing.,19.022636,72.835386,"Ranade Road, near municipal market, Dadar West",2026-08-05T22:45:42Z
CMP_1098,usr_44687,Noise Complaint,Commercial banquet hall bursting firecrackers after midnight near MCA Club BKC.,19.067102,72.870625,"G Block BKC, near MCA Club, Bandra East",2026-08-12T13:43:18Z
CMP_1026,usr_11504,Stray Animal,Pack of 6-7 aggressive stray dogs barking and chasing two-wheelers on Ram Maruti Road near Talao Pali.,19.191184,72.971676,"Ram Maruti Road, near Talao Pali junction, Naupada, Thane West",2026-08-17T10:18:34Z
CMP_1050,usr_85243,Pothole,"Uneven road surface and sunken patch along MIDC Central Road, causing severe balance issues for two wheelers.",19.123574,72.882648,"MIDC Central Road, near Seepz Gate 1, Andheri East",2026-08-14T19:01:30Z
CMP_1127,usr_81376,Pothole,Pothole formed around the storm drain manhole at Waterfield Road. Needs immediate asphalt patch work.,19.061289,72.841737,"Waterfield Road, near National College, Bandra West",2026-08-30T14:36:20Z
CMP_1092,usr_17894,Garbage Collection,Dry waste collection van has not visited our locality near Phoenix Marketcity for the past 5 days.,19.074476,72.890597,"LBS Marg, opposite Phoenix Marketcity, Kurla West",2026-08-28T03:58:09Z
CMP_1017,usr_17331,Garbage Collection,Garbage bins near Dadar Flower Market on Senapati Bapat Marg overflowing onto the main road. Rotten smell unbearable.,19.02236,72.841912,"Senapati Bapat Marg, near Dadar Flower Market, Dadar West",2026-08-15T17:27:50Z
CMP_1108,usr_63545,Pothole,"Uneven road surface and sunken patch along Turner Road, causing severe balance issues for two wheelers.",19.062838,72.841331,"Turner Road, opposite municipal park, Bandra West",2026-08-20T01:43:14Z
CMP_1112,usr_48175,Illegal Construction,Commercial restaurant converted open parking space into kitchen extension near Gaondevi Mandir.,19.195782,72.965749,"Near Gaondevi Mandir, Naupada, Thane West",2026-08-21T22:14:33Z
CMP_1101,usr_30585,Illegal Construction,Residential building adding illegal cantilever structure without municipal NOC near Turner Road.,19.059817,72.840485,"Turner Road, opposite municipal park, Bandra West",2026-08-06T20:35:21Z
CMP_1005,usr_10851,Pothole,Severe road damage and large ditch on Majiwada service road. Daily traffic jams because cars are swerving suddenly to avoid it.,19.21776,72.978175,"Near Majiwada Flyover service lane towards Kapurbawdi, Thane West",2026-08-15T13:37:18Z
CMP_1111,usr_71592,Streetlight,"Streetlight pole flickering continuously outside JB Nagar Metro Station, causing visibility disturbance at night.",19.118901,72.883977,"Near JB Nagar Metro Station, Andheri-Kurla Road, Andheri East",2026-08-04T15:54:14Z
CMP_1119,usr_40595,Streetlight,Solar streetlight battery unit damaged and light not turning on near Powai Lake Promenade.,19.118261,72.920293,"JVLR Junction, near Powai Lake promenade, Powai",2026-08-20T14:04:30Z
CMP_1107,usr_10350,Illegal Construction,Residential building adding illegal cantilever structure without municipal NOC near Dadar Flower Market.,19.025597,72.840821,"Near Flower Market, Dadar Station West, Dadar West",2026-08-25T15:39:27Z
CMP_1088,usr_66207,Garbage Collection,Dry waste collection van has not visited our locality near JB Nagar Metro Station for the past 5 days.,19.118333,72.878434,"Near JB Nagar Metro Station, Andheri-Kurla Road, Andheri East",2026-08-22T21:55:19Z
CMP_1120,usr_44675,Stray Animal,Stray cattle roaming around busy traffic junction near Shimpoli Signal during morning school hours.,19.240139,72.858614,"Near Shimpoli Signal, Link Road, Borivali West",2026-08-12T05:47:14Z
CMP_1021,usr_44438,Sewage Overflow,Drainage manhole overflowing opposite Phoenix Marketcity on LBS Marg. Foul smelling gutter water entering footpath.,19.071382,72.882373,"LBS Marg, opposite Phoenix Marketcity bus stop, Kurla West",2026-08-20T21:04:52Z
CMP_1014,usr_99593,Water Leak,"Huge water line rupture near SEEPZ entrance, water gushing out with high pressure causing waterlogging.",19.119428,72.876285,"MIDC Central Road, near Seepz Gate 1, Andheri East",2026-08-18T07:27:41Z
CMP_1100,usr_20641,Pothole,Deep trench-like pothole observed around Pali Naka. Vehicles are getting scratched underneath while passing.,19.054685,72.835716,"Pali Naka, near 16th Road Junction, Bandra West",2026-08-09T17:51:49Z
CMP_1043,usr_82529,Pothole,"Uneven road surface and sunken patch along Don Bosco School, causing severe balance issues for two wheelers.",19.228914,72.863088,"Near Don Bosco School Road, Borivali West",2026-08-18T21:40:49Z
CMP_1053,usr_72746,Pothole,Asphalt washed away creating multiple potholes outside the entrance of Dadar Flower Market.,19.02393,72.841538,"Near Flower Market, Dadar Station West, Dadar West",2026-08-10T07:09:50Z
CMP_1045,usr_26551,Water Leak,Municipal water pipeline joint leaking into open stormwater drain near Kherwadi Signal.,19.064185,72.868513,"Kherwadi, near Western Express Highway junction, Bandra East",2026-08-16T16:54:56Z
CMP_1085,usr_68028,Streetlight,Solar streetlight battery unit damaged and light not turning on near Turner Road.,19.064931,72.834611,"Turner Road, opposite municipal park, Bandra West",2026-08-17T12:26:38Z
CMP_1122,usr_87304,Pothole,Asphalt washed away creating multiple potholes outside the entrance of Turner Road.,19.064888,72.83874,"Turner Road, opposite municipal park, Bandra West",2026-08-15T02:16:40Z
CMP_1063,usr_74454,Streetlight,Street light pole bent at 45 degree angle after vehicle collision near IIT Bombay Main Gate. Might collapse anytime.,19.126337,72.912502,"Near IIT Bombay Main Gate, Powai",2026-08-11T05:38:59Z
CMP_1125,usr_65723,Water Leak,Municipal water pipeline joint leaking into open stormwater drain near BKC-Kurla Link Road.,19.072191,72.891274,"Near BKC-Kurla Link Road nullah, Kurla West",2026-08-02T11:13:47Z
CMP_1075,usr_25525,Noise Complaint,Auto repair workshop using loud pneumatic hammers and metal grinding in residential zone near JB Nagar Metro Station.,19.114547,72.879026,"Near JB Nagar Metro Station, Andheri-Kurla Road, Andheri East",2026-08-20T11:40:42Z
CMP_1024,usr_30969,Sewage Overflow,Manhole cover leaking filthy drain water continuously in Kurla West. Please dispatch vacuum cleaning suction tanker.,19.071628,72.882681,"LBS Marg, opposite Phoenix Marketcity bus stop, Kurla West",2026-08-19T17:30:20Z
CMP_1036,usr_26483,Illegal Construction,New illegal structure being erected on public walkway without municipal BMC approval at Shimpoli junction.,19.231658,72.856239,"Near Shimpoli Signal, Link Road, Borivali West",2026-08-09T00:59:54Z
CMP_1121,usr_91927,Garbage Collection,Commercial vendor dumping organic waste in open drain near Oshiwara Metro Station.,19.140014,72.841794,"Near Oshiwara Metro Station, Link Road, Andheri West",2026-08-14T05:26:55Z
CMP_1067,usr_99974,Streetlight,Exposed wiring and sparking observed at the base of street lamp on MIDC Central Road. Major safety hazard.,19.115043,72.873972,"MIDC Central Road, near Seepz Gate 1, Andheri East",2026-08-19T07:55:13Z
CMP_1061,usr_18564,Sewage Overflow,Storm water drain choked with plastic silt causing foul water to back up near Thane Railway Station Plaza.,19.191989,72.9736,"Near Thane Railway Station West Plaza, Thane West",2026-08-27T20:08:19Z
CMP_1023,usr_21915,Sewage Overflow,Choked sewer line causing gutter overflow near the bus stand on LBS Marg. Health hazard for commuters and shopkeepers.,19.07136,72.882749,"LBS Marg, opposite Phoenix Marketcity bus stop, Kurla West",2026-08-20T17:34:54Z
CMP_1103,usr_32782,Garbage Collection,Green waste and tree branches dumped on the roadside near Charai Naka not collected for a week.,19.185883,72.979651,"Charai Naka, near municipal school, Thane West",2026-08-19T20:41:45Z
CMP_1093,usr_89905,Illegal Construction,Unauthorized road digging and trenching without municipal display board near Senapati Bapat Marg.,19.025535,72.845285,"Senapati Bapat Marg, near Elphinstone Bridge, Dadar West",2026-08-08T05:12:46Z
CMP_1110,usr_87832,Stray Animal,Stray dog reported biting multiple passers-by near Galleria Market. Urgent animal control needed.,19.131555,72.922238,"Galleria Market entrance road, Powai",2026-08-04T12:22:51Z
CMP_1094,usr_23006,Stray Animal,Stray dog reported biting multiple passers-by near Gaondevi Mandir. Urgent animal control needed.,19.186764,72.972849,"Near Gaondevi Mandir, Naupada, Thane West",2026-08-30T06:07:08Z
CMP_1003,usr_88907,Pothole,Big pothole unfilled since last rain near Kapurbawdi Majiwada service lane. Vehicles getting damaged.,19.217566,72.977997,"Near Majiwada Flyover service lane towards Kapurbawdi, Thane West",2026-08-15T10:32:54Z
CMP_1076,usr_83147,Sewage Overflow,Broken drainage slab over nullah creating open sewage pool near BKC Connector Junction.,19.07031,72.862391,"Near BKC Connector junction, Kalanagar, Bandra East",2026-08-27T02:17:37Z
CMP_1074,usr_42530,Illegal Construction,Unauthorized road digging and trenching without municipal display board near Central Avenue Hiranandani.,19.116902,72.926736,"Central Avenue, Hiranandani Gardens, Powai",2026-08-11T10:00:59Z
CMP_1087,usr_87139,Water Leak,Drinking water line connection cracked near public tap at Powai Lake Promenade.,19.115967,72.91668,"JVLR Junction, near Powai Lake promenade, Powai",2026-08-06T16:53:33Z
CMP_1030,usr_91959,Noise Complaint,Extremely loud music and DJ bass playing past 12:30 AM at Lokhandwala Back Road commercial venue. Cannot sleep.,19.138331,72.833504,"Lokhandwala Back Road, near High Street Market, Andheri West",2026-08-06T18:32:59Z
CMP_1012,usr_59823,Water Leak,"Heavy water leakage from underground pipeline near Seepz Gate 1, Andheri East. Road flooded with water wastage.",19.119743,72.876378,"MIDC Central Road, near Seepz Gate 1, Andheri East",2026-08-18T18:34:34Z
CMP_1004,usr_81426,Pothole,Please fix the deep pothole on Majiwada service lane immediately. Very unsafe for two wheelers at night.,19.217563,72.978049,"Near Majiwada Flyover service lane towards Kapurbawdi, Thane West",2026-08-16T14:42:40Z
CMP_1033,usr_24662,Noise Complaint,Loud sound system operating till 1:30 AM in residential zone near Lokhandwala Complex. Please enforce 10 PM noise curfew rules.,19.138409,72.833549,"Lokhandwala Back Road, near High Street Market, Andheri West",2026-08-07T20:20:52Z
CMP_1078,usr_89471,Sewage Overflow,Underground drainage line blocked causing dirty water backflow in shops near IIT Bombay Main Gate.,19.125399,72.927706,"Near IIT Bombay Main Gate, Powai",2026-08-12T12:09:15Z
CMP_1042,usr_17146,Water Leak,Slow water seepage through asphalt road surface creating a wet puddle outside Lokhandwala Back Road.,19.134257,72.836286,"Lokhandwala Back Road, near High Street Market, Andheri West",2026-08-13T12:38:58Z
CMP_1095,usr_37235,Stray Animal,"Injured stray cow sitting in the middle of fast lane near Model Town, causing traffic bottleneck.",19.13054,72.831277,"Model Town, 4 Bungalows, Andheri West",2026-08-15T11:44:17Z
CMP_1056,usr_34164,Garbage Collection,Community dustbin broken and garbage scattered around by animals near Senapati Bapat Marg.,19.023595,72.837066,"Senapati Bapat Marg, near Elphinstone Bridge, Dadar West",2026-08-11T12:24:49Z
CMP_1006,usr_38221,Streetlight,All street lights along Waterfield Road near National College are non-functional for past 4 days. Pitch dark after 7 PM.,19.05903,72.831461,"Waterfield Road, opposite National College lane, Bandra West",2026-08-12T13:58:18Z
CMP_1123,usr_96662,Garbage Collection,Construction debris and cement bags dumped illegally on the pavement near Gaondevi Mandir.,19.187845,72.97867,"Near Gaondevi Mandir, Naupada, Thane West",2026-08-11T06:33:52Z
CMP_1011,usr_47930,Water Leak,BMC main water pipe burst on MIDC Central Road. Clean drinking water has been flooding the entire street since 6 AM.,19.119602,72.875973,"MIDC Central Road, near Seepz Gate 1, Andheri East",2026-08-16T23:28:18Z
CMP_1117,usr_69510,Pothole,Large crater on the road near Chakala Gurunanak Petrol Pump. Buses cannot pull over properly to pick passengers.,19.12492,72.868808,"Chakala, near Gurunanak Petrol Pump, Andheri East",2026-08-28T21:12:20Z
CMP_1064,usr_19710,Water Leak,Fire hydrant leaking clean water continuously on the pavement near Pali Naka.,19.055363,72.838572,"Pali Naka, near 16th Road Junction, Bandra West",2026-08-13T21:32:22Z
CMP_1070,usr_29555,Streetlight,Street light pole bent at 45 degree angle after vehicle collision near Bandra Talao. Might collapse anytime.,19.055997,72.840772,"Near Bandra Talao, SV Road, Bandra West",2026-08-18T16:55:37Z
CMP_1065,usr_85631,Noise Complaint,Generator set of mobile tower making high decibel rattling noise 24/7 near Waterfield Road.,19.055567,72.836561,"Waterfield Road, near National College, Bandra West",2026-08-20T00:26:32Z
CMP_1035,usr_73699,Illegal Construction,Illegal encroachment and commercial extension occupying the public sidewalk on Borivali Link Road near Shimpoli.,19.23137,72.856034,"Near Shimpoli Signal, Link Road, Borivali West",2026-08-07T18:21:24Z
CMP_1052,usr_71524,Water Leak,Slow water seepage through asphalt road surface creating a wet puddle outside Galleria Market.,19.117632,72.911824,"Galleria Market entrance road, Powai",2026-08-03T06:04:43Z
CMP_1090,usr_84531,Sewage Overflow,"Sewage water leaking into open garden area near Pali Naka, strong unbearable odor.",19.057115,72.834642,"Pali Naka, near 16th Road Junction, Bandra West",2026-08-27T15:57:47Z
CMP_1039,usr_58944,Pothole,Horrible road condition on JVLR Powai stretch near the lake signal. Huge crater on right fast lane causing sudden braking.,19.123106,72.914949,"JVLR Eastbound, near Powai Lake promenade junction, Powai",2026-08-19T11:14:04Z
CMP_1089,usr_50026,Stray Animal,Pack of aggressive stray dogs entered municipal park compound near Kherwadi Signal.,19.068139,72.87181,"Kherwadi, near Western Express Highway junction, Bandra East",2026-08-04T16:46:17Z
CMP_1060,usr_24953,Illegal Construction,Commercial restaurant converted open parking space into kitchen extension near Senapati Bapat Marg.,19.030668,72.843177,"Senapati Bapat Marg, near Elphinstone Bridge, Dadar West",2026-08-11T06:50:20Z
CMP_1016,usr_93886,Water Leak,Drinking water pipeline leakage creating a mini river on the road outside Seepz Gate 1.,19.119332,72.87614,"MIDC Central Road, near Seepz Gate 1, Andheri East",2026-08-19T02:52:53Z
CMP_1057,usr_16734,Noise Complaint,Religious function using unauthorized horn loudspeakers above permissible decibel limits near Hill Road.,19.06747,72.830466,"Hill Road, near Mehboob Studio, Bandra West",2026-08-12T20:58:13Z
CMP_1129,usr_94886,Noise Complaint,Heavy construction drilling and rock excavation noise at 2:00 AM near residential flats at Dadar Flower Market.,19.028528,72.846647,"Near Flower Market, Dadar Station West, Dadar West",2026-08-24T07:35:49Z
CMP_1118,usr_19329,Pothole,Large crater on the road near Central Avenue Hiranandani. Buses cannot pull over properly to pick passengers.,19.121548,72.918262,"Central Avenue, Hiranandani Gardens, Powai",2026-08-24T05:52:04Z
CMP_1073,usr_21164,Garbage Collection,Construction debris and cement bags dumped illegally on the pavement near Gorai Bridge.,19.240694,72.849698,"Near Gorai Bridge junction, Gorai 1, Borivali West",2026-08-10T16:15:18Z
CMP_1106,usr_30517,Pothole,Pothole formed around the storm drain manhole at Hiranandani Estate Gate. Needs immediate asphalt patch work.,19.207126,72.974426,"Near Hiranandani Estate Gate, Patlipada, Thane West",2026-08-12T01:34:09Z
CMP_1096,usr_91987,Pothole,Asphalt washed away creating multiple potholes outside the entrance of Shivaji Park.,19.025279,72.846291,"Near Shivaji Park Gate 3, Cadell Road, Dadar West",2026-08-11T12:57:12Z
CMP_1077,usr_64548,Stray Animal,"Injured stray cow sitting in the middle of fast lane near Chakala Gurunanak Petrol Pump, causing traffic bottleneck.",19.115511,72.873717,"Chakala, near Gurunanak Petrol Pump, Andheri East",2026-08-30T21:07:12Z
CMP_1040,usr_39451,Pothole,Dangerous pothole cluster on Jogeshwari Vikhroli Link Road near Powai promenade. High risk of fatal motorcycle crash.,19.122969,72.915009,"JVLR Eastbound, near Powai Lake promenade junction, Powai",2026-08-17T22:03:48Z
CMP_1102,usr_41439,Streetlight,Exposed wiring and sparking observed at the base of street lamp on Gorai Bridge. Major safety hazard.,19.235268,72.847866,"Near Gorai Bridge junction, Gorai 1, Borivali West",2026-08-05T06:31:37Z
CMP_1022,usr_57447,Sewage Overflow,Severe sewage overflow on LBS Road Kurla West. Black drain water bubbling out of chamber and spreading onto street.,19.071624,72.882464,"LBS Marg, opposite Phoenix Marketcity bus stop, Kurla West",2026-08-20T22:34:38Z
CMP_1008,usr_15695,Streetlight,"No streetlight working on Waterfield Road Bandra West. Street is pitch black at night, risk of theft and accidents.",19.059129,72.831422,"Waterfield Road, opposite National College lane, Bandra West",2026-08-12T13:04:14Z
CMP_1019,usr_51245,Garbage Collection,Huge heap of organic waste and plastic spilled across Senapati Bapat Marg near flower market. Breeding mosquitoes and dogs.,19.022283,72.842207,"Senapati Bapat Marg, near Dadar Flower Market, Dadar West",2026-08-15T03:53:14Z
CMP_1037,usr_44741,Illegal Construction,Encroachment on footpath by shopkeeper building temporary structure on Link Road Borivali West. Pedestrians forced into heavy traffic.,19.231314,72.855988,"Near Shimpoli Signal, Link Road, Borivali West",2026-08-09T02:09:09Z
CMP_1069,usr_29887,Streetlight,Street light pole bent at 45 degree angle after vehicle collision near Kherwadi Signal. Might collapse anytime.,19.067902,72.86371,"Kherwadi, near Western Express Highway junction, Bandra East",2026-08-10T03:50:02Z
